Question ID | Tag | Difficulty
Questtion1 | Tag1 | EASY
Questtion2 | Tag2 | EASY
Questtion3 | Tag3 | EASY
Questtion4 | Tag4 | EASY
Questtion5 | Tag5 | EASY
Questtion6 | Tag6 | EASY
Questtion7 | Tag1 | MEDIUM
Questtion8 | Tag2 | MEDIUM
Questtion9 | Tag3 | MEDIUM
Questtion10 | Tag4 | MEDIUM
Questtion11 | Tag5 | MEDIUM
Questtion12 | Tag6 | MEDIUM
Questtion13 | Tag1 | HARD
Questtion14 | Tag2 | HARD
Questtion15 | Tag3 | HARD
Questtion16 | Tag4 | HARD
Questtion17 | Tag5 | HARD
Questtion18 | Tag6 | HARD
Questtion19 | Tag1 | EASY
Questtion20 | Tag2 | EASY
Questtion21 | Tag3 | EASY
Questtion22 | Tag4 | EASY
Questtion23 | Tag5 | EASY
Questtion24 | Tag6 | EASY
Questtion25 | Tag1 | MEDIUM
Questtion26 | Tag2 | MEDIUM
Questtion27 | Tag3 | MEDIUM
Questtion28 | Tag4 | MEDIUM
Questtion29 | Tag5 | MEDIUM
Questtion30 | Tag6 | MEDIUM
Questtion31 | Tag1 | HARD
Questtion32 | Tag2 | HARD
Questtion33 | Tag3 | HARD
Questtion34 | Tag4 | HARD
Questtion35 | Tag5 | HARD
Questtion36 | Tag6 | HARD
Questtion37 | Tag1 | EASY
Questtion38 | Tag2 | EASY
Questtion39 | Tag3 | EASY
Questtion40 | Tag4 | EASY
Questtion41 | Tag5 | EASY
Questtion42 | Tag6 | EASY
Questtion43 | Tag1 | MEDIUM
Questtion44 | Tag2 | MEDIUM
Questtion45 | Tag3 | MEDIUM
Questtion46 | Tag4 | MEDIUM
Questtion47 | Tag5 | MEDIUM
Questtion48 | Tag6 | MEDIUM
Questtion49 | Tag1 | EASY
Questtion50 | Tag2 | EASY
Questtion51 | Tag3 | EASY
Questtion52 | Tag4 | EASY
Questtion53 | Tag5 | EASY
Questtion54 | Tag6 | EASY
Questtion55 | Tag1 | MEDIUM
Questtion56 | Tag2 | MEDIUM
Questtion57 | Tag3 | MEDIUM
Questtion58 | Tag4 | MEDIUM
Questtion59 | Tag5 | MEDIUM
Questtion60 | Tag6 | MEDIUM
Questtion61 | Tag1 | HARD
Questtion62 | Tag2 | HARD
Questtion63 | Tag3 | HARD
Questtion64 | Tag4 | HARD
Questtion65 | Tag5 | HARD
Questtion66 | Tag6 | HARD
Questtion67 | Tag1 | EASY
Questtion68 | Tag2 | EASY
Questtion69 | Tag3 | EASY
Questtion70 | Tag4 | EASY
Questtion71 | Tag5 | EASY
Questtion72 | Tag6 | EASY
Questtion73 | Tag1 | MEDIUM
Questtion74 | Tag2 | MEDIUM
Questtion75 | Tag3 | MEDIUM
Questtion76 | Tag4 | MEDIUM
Questtion77 | Tag5 | MEDIUM
Questtion78 | Tag6 | MEDIUM
Questtion79 | Tag1 | HARD
Questtion80 | Tag2 | HARD
Questtion81 | Tag3 | HARD
Questtion82 | Tag4 | HARD
Questtion83 | Tag5 | HARD
Questtion84 | Tag6 | HARD
Questtion85 | Tag1 | EASY
Questtion86 | Tag2 | MEDIUM
Questtion87 | Tag3 | HARD
Questtion88 | Tag4 | HARD
Questtion89 | Tag5 | MEDIUM
Questtion90 | Tag6 | EASY
Questtion91 | Tag1 | EASY
Questtion92 | Tag2 | MEDIUM
Questtion93 | Tag3 | MEDIUM
Questtion94 | Tag4 | HARD
Questtion95 | Tag5 | HARD
Questtion96 | Tag6 | EASY
Questtion97 | Tag1 | EASY
Questtion98 | Tag2 | MEDIUM
Questtion99 | Tag3 | MEDIUM
Questtion100 | Tag4 | EASY
Questtion101 | Tag1 | EASY
Questtion102 | Tag2 | EASY
Questtion103 | Tag3 | EASY
Questtion104 | Tag4 | EASY
Questtion105 | Tag5 | EASY
Questtion106 | Tag6 | EASY
Questtion107 | Tag1 | MEDIUM
Questtion108 | Tag2 | MEDIUM
Questtion109 | Tag3 | MEDIUM
Questtion110 | Tag4 | MEDIUM
Questtion111 | Tag5 | MEDIUM
Questtion112 | Tag6 | MEDIUM
Questtion113 | Tag1 | HARD
Questtion114 | Tag2 | HARD
Questtion115 | Tag3 | HARD
Questtion116 | Tag4 | HARD
Questtion117 | Tag5 | HARD
Questtion118 | Tag6 | HARD
Questtion119 | Tag1 | EASY
Questtion120 | Tag2 | EASY
Questtion121 | Tag3 | EASY
Questtion122 | Tag4 | EASY
Questtion123 | Tag5 | EASY
Questtion124 | Tag6 | EASY
Questtion125 | Tag1 | MEDIUM
Questtion126 | Tag2 | MEDIUM
Questtion127 | Tag3 | MEDIUM
Questtion128 | Tag4 | MEDIUM
Questtion129 | Tag5 | MEDIUM
Questtion130 | Tag6 | MEDIUM
Questtion131 | Tag1 | HARD
Questtion132 | Tag2 | HARD
Questtion133 | Tag3 | HARD
Questtion134 | Tag4 | HARD
Questtion135 | Tag5 | HARD
Questtion136 | Tag6 | HARD
Questtion137 | Tag1 | EASY
Questtion138 | Tag2 | EASY
Questtion139 | Tag3 | EASY
Questtion140 | Tag4 | EASY
Questtion141 | Tag5 | EASY
Questtion142 | Tag6 | EASY
Questtion143 | Tag1 | MEDIUM
Questtion144 | Tag2 | MEDIUM
Questtion145 | Tag3 | MEDIUM
Questtion146 | Tag4 | MEDIUM
Questtion147 | Tag5 | MEDIUM
Questtion148 | Tag6 | MEDIUM
Questtion149 | Tag1 | EASY
Questtion150 | Tag2 | EASY
Questtion151 | Tag3 | EASY
Questtion152 | Tag4 | EASY
Questtion153 | Tag5 | EASY
Questtion154 | Tag6 | EASY
Questtion155 | Tag1 | MEDIUM
Questtion156 | Tag2 | MEDIUM
Questtion157 | Tag3 | MEDIUM
Questtion158 | Tag4 | MEDIUM
Questtion159 | Tag5 | MEDIUM
Questtion160 | Tag6 | MEDIUM
Questtion161 | Tag1 | HARD
Questtion162 | Tag2 | HARD
Questtion163 | Tag3 | HARD
Questtion164 | Tag4 | HARD
Questtion165 | Tag5 | HARD
Questtion166 | Tag6 | HARD
Questtion167 | Tag1 | EASY
Questtion168 | Tag2 | EASY
Questtion169 | Tag3 | EASY
Questtion170 | Tag4 | EASY
Questtion171 | Tag5 | EASY
Questtion172 | Tag6 | EASY
Questtion173 | Tag1 | MEDIUM
Questtion174 | Tag2 | MEDIUM
Questtion175 | Tag3 | MEDIUM
Questtion176 | Tag4 | MEDIUM
Questtion177 | Tag5 | MEDIUM
Questtion178 | Tag6 | MEDIUM
Questtion179 | Tag1 | HARD
Questtion180 | Tag2 | HARD
Questtion181 | Tag3 | HARD
Questtion182 | Tag4 | HARD
Questtion183 | Tag5 | HARD
Questtion184 | Tag6 | HARD
Questtion185 | Tag1 | EASY
Questtion186 | Tag2 | MEDIUM
Questtion187 | Tag3 | HARD
Questtion188 | Tag4 | HARD
Questtion189 | Tag5 | MEDIUM
Questtion190 | Tag6 | EASY
Questtion191 | Tag1 | EASY
Questtion192 | Tag2 | MEDIUM
Questtion193 | Tag3 | MEDIUM
Questtion194 | Tag4 | HARD
Questtion195 | Tag5 | HARD
Questtion196 | Tag6 | EASY
Questtion197 | Tag1 | EASY
Questtion198 | Tag2 | MEDIUM
Questtion199 | Tag3 | MEDIUM
Questtion200 | Tag4 | EASY
Questtion201 | Tag1 | EASY
Questtion202 | Tag2 | EASY
Questtion203 | Tag3 | EASY
Questtion204 | Tag4 | EASY
Questtion205 | Tag5 | EASY
Questtion206 | Tag6 | EASY
Questtion207 | Tag1 | MEDIUM
Questtion208 | Tag2 | MEDIUM
Questtion209 | Tag3 | MEDIUM
Questtion210 | Tag4 | MEDIUM
Questtion211 | Tag5 | MEDIUM
Questtion212 | Tag6 | MEDIUM
Questtion213 | Tag1 | HARD
Questtion214 | Tag2 | HARD
Questtion215 | Tag3 | HARD
Questtion216 | Tag4 | HARD
Questtion217 | Tag5 | HARD
Questtion218 | Tag6 | HARD
Questtion219 | Tag1 | EASY
Questtion220 | Tag2 | EASY
Questtion221 | Tag3 | EASY
Questtion222 | Tag4 | EASY
Questtion223 | Tag5 | EASY
Questtion224 | Tag6 | EASY
Questtion225 | Tag1 | MEDIUM
Questtion226 | Tag2 | MEDIUM
Questtion227 | Tag3 | MEDIUM
Questtion228 | Tag4 | MEDIUM
Questtion229 | Tag5 | MEDIUM
Questtion230 | Tag6 | MEDIUM
Questtion231 | Tag1 | HARD
Questtion232 | Tag2 | HARD
Questtion233 | Tag3 | HARD
Questtion234 | Tag4 | HARD
Questtion235 | Tag5 | HARD
Questtion236 | Tag6 | HARD
Questtion237 | Tag1 | EASY
Questtion238 | Tag2 | EASY
Questtion239 | Tag3 | EASY
Questtion240 | Tag4 | EASY
Questtion241 | Tag5 | EASY
Questtion242 | Tag6 | EASY
Questtion243 | Tag1 | MEDIUM
Questtion244 | Tag2 | MEDIUM
Questtion245 | Tag3 | MEDIUM
Questtion246 | Tag4 | MEDIUM
Questtion247 | Tag5 | MEDIUM
Questtion248 | Tag6 | MEDIUM
Questtion249 | Tag1 | EASY
Questtion250 | Tag2 | EASY
Questtion251 | Tag3 | EASY
Questtion252 | Tag4 | EASY
Questtion253 | Tag5 | EASY
Questtion254 | Tag6 | EASY
Questtion255 | Tag1 | MEDIUM
Questtion256 | Tag2 | MEDIUM
Questtion257 | Tag3 | MEDIUM
Questtion258 | Tag4 | MEDIUM
Questtion259 | Tag5 | MEDIUM
Questtion260 | Tag6 | MEDIUM
Questtion261 | Tag1 | HARD
Questtion262 | Tag2 | HARD
Questtion263 | Tag3 | HARD
Questtion264 | Tag4 | HARD
Questtion265 | Tag5 | HARD
Questtion266 | Tag6 | HARD
Questtion267 | Tag1 | EASY
Questtion268 | Tag2 | EASY
Questtion269 | Tag3 | EASY
Questtion270 | Tag4 | EASY
Questtion271 | Tag5 | EASY
Questtion272 | Tag6 | EASY
Questtion273 | Tag1 | MEDIUM
Questtion274 | Tag2 | MEDIUM
Questtion275 | Tag3 | MEDIUM
Questtion276 | Tag4 | MEDIUM
Questtion277 | Tag5 | MEDIUM
Questtion278 | Tag6 | MEDIUM
Questtion279 | Tag1 | HARD
Questtion280 | Tag2 | HARD
Questtion281 | Tag3 | HARD
Questtion282 | Tag4 | HARD
Questtion283 | Tag5 | HARD
Questtion284 | Tag6 | HARD
Questtion285 | Tag1 | EASY
Questtion286 | Tag2 | MEDIUM
Questtion287 | Tag3 | HARD
Questtion288 | Tag4 | HARD
Questtion289 | Tag5 | MEDIUM
Questtion290 | Tag6 | EASY
Questtion291 | Tag1 | EASY
Questtion292 | Tag2 | MEDIUM
Questtion293 | Tag3 | MEDIUM
Questtion294 | Tag4 | HARD
Questtion295 | Tag5 | HARD
Questtion296 | Tag6 | EASY
Questtion297 | Tag1 | EASY
Questtion298 | Tag2 | MEDIUM
Questtion299 | Tag3 | MEDIUM
Questtion300 | Tag4 | EASY
Questtion301 | Tag1 | EASY
Questtion302 | Tag2 | EASY
Questtion303 | Tag3 | EASY
Questtion304 | Tag4 | EASY
Questtion305 | Tag5 | EASY
Questtion306 | Tag6 | EASY
Questtion307 | Tag1 | MEDIUM
Questtion308 | Tag2 | MEDIUM
Questtion309 | Tag3 | MEDIUM
Questtion310 | Tag4 | MEDIUM
Questtion311 | Tag5 | MEDIUM
Questtion312 | Tag6 | MEDIUM
Questtion313 | Tag1 | HARD
Questtion314 | Tag2 | HARD
Questtion315 | Tag3 | HARD
Questtion316 | Tag4 | HARD
Questtion317 | Tag5 | HARD
Questtion318 | Tag6 | HARD
Questtion319 | Tag1 | EASY
Questtion320 | Tag2 | EASY
Questtion321 | Tag3 | EASY
Questtion322 | Tag4 | EASY
Questtion323 | Tag5 | EASY
Questtion324 | Tag6 | EASY
Questtion325 | Tag1 | MEDIUM
Questtion326 | Tag2 | MEDIUM
Questtion327 | Tag3 | MEDIUM
Questtion328 | Tag4 | MEDIUM
Questtion329 | Tag5 | MEDIUM
Questtion330 | Tag6 | MEDIUM
Questtion331 | Tag1 | HARD
Questtion332 | Tag2 | HARD
Questtion333 | Tag3 | HARD
Questtion334 | Tag4 | HARD
Questtion335 | Tag5 | HARD
Questtion336 | Tag6 | HARD
Questtion337 | Tag1 | EASY
Questtion338 | Tag2 | EASY
Questtion339 | Tag3 | EASY
Questtion340 | Tag4 | EASY
Questtion341 | Tag5 | EASY
Questtion342 | Tag6 | EASY
Questtion343 | Tag1 | MEDIUM
Questtion344 | Tag2 | MEDIUM
Questtion345 | Tag3 | MEDIUM
Questtion346 | Tag4 | MEDIUM
Questtion347 | Tag5 | MEDIUM
Questtion348 | Tag6 | MEDIUM
Questtion349 | Tag1 | EASY
Questtion350 | Tag2 | EASY
Questtion351 | Tag3 | EASY
Questtion352 | Tag4 | EASY
Questtion353 | Tag5 | EASY
Questtion354 | Tag6 | EASY
Questtion355 | Tag1 | MEDIUM
Questtion356 | Tag2 | MEDIUM
Questtion357 | Tag3 | MEDIUM
Questtion358 | Tag4 | MEDIUM
Questtion359 | Tag5 | MEDIUM
Questtion360 | Tag6 | MEDIUM
Questtion361 | Tag1 | HARD
Questtion362 | Tag2 | HARD
Questtion363 | Tag3 | HARD
Questtion364 | Tag4 | HARD
Questtion365 | Tag5 | HARD
Questtion366 | Tag6 | HARD
Questtion367 | Tag1 | EASY
Questtion368 | Tag2 | EASY
Questtion369 | Tag3 | EASY
Questtion370 | Tag4 | EASY
Questtion371 | Tag5 | EASY
Questtion372 | Tag6 | EASY
Questtion373 | Tag1 | MEDIUM
Questtion374 | Tag2 | MEDIUM
Questtion375 | Tag3 | MEDIUM
Questtion376 | Tag4 | MEDIUM
Questtion377 | Tag5 | MEDIUM
Questtion378 | Tag6 | MEDIUM
Questtion379 | Tag1 | HARD
Questtion380 | Tag2 | HARD
Questtion381 | Tag3 | HARD
Questtion382 | Tag4 | HARD
Questtion383 | Tag5 | HARD
Questtion384 | Tag6 | HARD
Questtion385 | Tag1 | EASY
Questtion386 | Tag2 | MEDIUM
Questtion387 | Tag3 | HARD
Questtion388 | Tag4 | HARD
Questtion389 | Tag5 | MEDIUM
Questtion390 | Tag6 | EASY
Questtion391 | Tag1 | EASY
Questtion392 | Tag2 | MEDIUM
Questtion393 | Tag3 | MEDIUM
Questtion394 | Tag4 | HARD
Questtion395 | Tag5 | HARD
Questtion396 | Tag6 | EASY
Questtion397 | Tag1 | EASY
Questtion398 | Tag2 | MEDIUM
Questtion399 | Tag3 | MEDIUM
Questtion400 | Tag4 | EASY
Questtion401 | Tag1 | EASY
Questtion402 | Tag2 | EASY
Questtion403 | Tag3 | EASY
Questtion404 | Tag4 | EASY
Questtion405 | Tag5 | EASY
Questtion406 | Tag6 | EASY
Questtion407 | Tag1 | MEDIUM
Questtion408 | Tag2 | MEDIUM
Questtion409 | Tag3 | MEDIUM
Questtion410 | Tag4 | MEDIUM
Questtion411 | Tag5 | MEDIUM
Questtion412 | Tag6 | MEDIUM
Questtion413 | Tag1 | HARD
Questtion414 | Tag2 | HARD
Questtion415 | Tag3 | HARD
Questtion416 | Tag4 | HARD
Questtion417 | Tag5 | HARD
Questtion418 | Tag6 | HARD
Questtion419 | Tag1 | EASY
Questtion420 | Tag2 | EASY
Questtion421 | Tag3 | EASY
Questtion422 | Tag4 | EASY
Questtion423 | Tag5 | EASY
Questtion424 | Tag6 | EASY
Questtion425 | Tag1 | MEDIUM
Questtion426 | Tag2 | MEDIUM
Questtion427 | Tag3 | MEDIUM
Questtion428 | Tag4 | MEDIUM
Questtion429 | Tag5 | MEDIUM
Questtion430 | Tag6 | MEDIUM
Questtion431 | Tag1 | HARD
Questtion432 | Tag2 | HARD
Questtion433 | Tag3 | HARD
Questtion434 | Tag4 | HARD
Questtion435 | Tag5 | HARD
Questtion436 | Tag6 | HARD
Questtion437 | Tag1 | EASY
Questtion438 | Tag2 | EASY
Questtion439 | Tag3 | EASY
Questtion440 | Tag4 | EASY
Questtion441 | Tag5 | EASY
Questtion442 | Tag6 | EASY
Questtion443 | Tag1 | MEDIUM
Questtion444 | Tag2 | MEDIUM
Questtion445 | Tag3 | MEDIUM
Questtion446 | Tag4 | MEDIUM
Questtion447 | Tag5 | MEDIUM
Questtion448 | Tag6 | MEDIUM
Questtion449 | Tag1 | EASY
Questtion450 | Tag2 | EASY
Questtion451 | Tag3 | EASY
Questtion452 | Tag4 | EASY
Questtion453 | Tag5 | EASY
Questtion454 | Tag6 | EASY
Questtion455 | Tag1 | MEDIUM
Questtion456 | Tag2 | MEDIUM
Questtion457 | Tag3 | MEDIUM
Questtion458 | Tag4 | MEDIUM
Questtion459 | Tag5 | MEDIUM
Questtion460 | Tag6 | MEDIUM
Questtion461 | Tag1 | HARD
Questtion462 | Tag2 | HARD
Questtion463 | Tag3 | HARD
Questtion464 | Tag4 | HARD
Questtion465 | Tag5 | HARD
Questtion466 | Tag6 | HARD
Questtion467 | Tag1 | EASY
Questtion468 | Tag2 | EASY
Questtion469 | Tag3 | EASY
Questtion470 | Tag4 | EASY
Questtion471 | Tag5 | EASY
Questtion472 | Tag6 | EASY
Questtion473 | Tag1 | MEDIUM
Questtion474 | Tag2 | MEDIUM
Questtion475 | Tag3 | MEDIUM
Questtion476 | Tag4 | MEDIUM
Questtion477 | Tag5 | MEDIUM
Questtion478 | Tag6 | MEDIUM
Questtion479 | Tag1 | HARD
Questtion480 | Tag2 | HARD
Questtion481 | Tag3 | HARD
Questtion482 | Tag4 | HARD
Questtion483 | Tag5 | HARD
Questtion484 | Tag6 | HARD
Questtion485 | Tag1 | EASY
Questtion486 | Tag2 | MEDIUM
Questtion487 | Tag3 | HARD
Questtion488 | Tag4 | HARD
Questtion489 | Tag5 | MEDIUM
Questtion490 | Tag6 | EASY
Questtion491 | Tag1 | EASY
Questtion492 | Tag2 | MEDIUM
Questtion493 | Tag3 | MEDIUM
Questtion494 | Tag4 | HARD
Questtion495 | Tag5 | HARD
Questtion496 | Tag6 | EASY
Questtion497 | Tag1 | EASY
Questtion498 | Tag2 | MEDIUM
Questtion499 | Tag3 | MEDIUM
Questtion500 | Tag4 | EASY
Questtion501 | Tag1 | EASY
Questtion502 | Tag2 | EASY
Questtion503 | Tag3 | EASY
Questtion504 | Tag4 | EASY
Questtion505 | Tag5 | EASY
Questtion506 | Tag6 | EASY
Questtion507 | Tag1 | MEDIUM
Questtion508 | Tag2 | MEDIUM
Questtion509 | Tag3 | MEDIUM
Questtion510 | Tag4 | MEDIUM
Questtion511 | Tag5 | MEDIUM
Questtion512 | Tag6 | MEDIUM
Questtion513 | Tag1 | HARD
Questtion514 | Tag2 | HARD
Questtion515 | Tag3 | HARD
Questtion516 | Tag4 | HARD
Questtion517 | Tag5 | HARD
Questtion518 | Tag6 | HARD
Questtion519 | Tag1 | EASY
Questtion520 | Tag2 | EASY
Questtion521 | Tag3 | EASY
Questtion522 | Tag4 | EASY
Questtion523 | Tag5 | EASY
Questtion524 | Tag6 | EASY
Questtion525 | Tag1 | MEDIUM
Questtion526 | Tag2 | MEDIUM
Questtion527 | Tag3 | MEDIUM
Questtion528 | Tag4 | MEDIUM
Questtion529 | Tag5 | MEDIUM
Questtion530 | Tag6 | MEDIUM
Questtion531 | Tag1 | HARD
Questtion532 | Tag2 | HARD
Questtion533 | Tag3 | HARD
Questtion534 | Tag4 | HARD
Questtion535 | Tag5 | HARD
Questtion536 | Tag6 | HARD
Questtion537 | Tag1 | EASY
Questtion538 | Tag2 | EASY
Questtion539 | Tag3 | EASY
Questtion540 | Tag4 | EASY
Questtion541 | Tag5 | EASY
Questtion542 | Tag6 | EASY
Questtion543 | Tag1 | MEDIUM
Questtion544 | Tag2 | MEDIUM
Questtion545 | Tag3 | MEDIUM
Questtion546 | Tag4 | MEDIUM
Questtion547 | Tag5 | MEDIUM
Questtion548 | Tag6 | MEDIUM
Questtion549 | Tag1 | EASY
Questtion550 | Tag2 | EASY
Questtion551 | Tag3 | EASY
Questtion552 | Tag4 | EASY
Questtion553 | Tag5 | EASY
Questtion554 | Tag6 | EASY
Questtion555 | Tag1 | MEDIUM
Questtion556 | Tag2 | MEDIUM
Questtion557 | Tag3 | MEDIUM
Questtion558 | Tag4 | MEDIUM
Questtion559 | Tag5 | MEDIUM
Questtion560 | Tag6 | MEDIUM
Questtion561 | Tag1 | HARD
Questtion562 | Tag2 | HARD
Questtion563 | Tag3 | HARD
Questtion564 | Tag4 | HARD
Questtion565 | Tag5 | HARD
Questtion566 | Tag6 | HARD
Questtion567 | Tag1 | EASY
Questtion568 | Tag2 | EASY
Questtion569 | Tag3 | EASY
Questtion570 | Tag4 | EASY
Questtion571 | Tag5 | EASY
Questtion572 | Tag6 | EASY
Questtion573 | Tag1 | MEDIUM
Questtion574 | Tag2 | MEDIUM
Questtion575 | Tag3 | MEDIUM
Questtion576 | Tag4 | MEDIUM
Questtion577 | Tag5 | MEDIUM
Questtion578 | Tag6 | MEDIUM
Questtion579 | Tag1 | HARD
Questtion580 | Tag2 | HARD
Questtion581 | Tag3 | HARD
Questtion582 | Tag4 | HARD
Questtion583 | Tag5 | HARD
Questtion584 | Tag6 | HARD
Questtion585 | Tag1 | EASY
Questtion586 | Tag2 | MEDIUM
Questtion587 | Tag3 | HARD
Questtion588 | Tag4 | HARD
Questtion589 | Tag5 | MEDIUM
Questtion590 | Tag6 | EASY
Questtion591 | Tag1 | EASY
Questtion592 | Tag2 | MEDIUM
Questtion593 | Tag3 | MEDIUM
Questtion594 | Tag4 | HARD
Questtion595 | Tag5 | HARD
Questtion596 | Tag6 | EASY
Questtion597 | Tag1 | EASY
Questtion598 | Tag2 | MEDIUM
Questtion599 | Tag3 | MEDIUM
Questtion600 | Tag4 | MEDIUM